<?xml version="1.0"?>
<doc>
    <assembly>
        <name>Sers.CL.Socket.Iocp</name>
    </assembly>
    <members>
        <member name="F:Sers.CL.Socket.Iocp.DeliveryClient.receiveBufferSize">
            <summary>
            缓存区大小
            </summary>
        </member>
        <member name="F:Sers.CL.Socket.Iocp.DeliveryClient.host">
            <summary>
             服务端 host地址（默认 "127.0.0.1" ）。例如： "127.0.0.1"、"sersms.com"。
            </summary>
        </member>
        <member name="F:Sers.CL.Socket.Iocp.DeliveryClient.port">
            <summary>
            服务端 监听端口号（默认4501）。例如： 4501。
            </summary>
        </member>
        <member name="P:Sers.CL.Socket.Iocp.DeliveryConnection.state">
            <summary>
            连接状态(0:waitForCertify; 2:certified; 4:waitForClose; 8:closed;)
            </summary>
        </member>
        <member name="P:Sers.CL.Socket.Iocp.DeliveryConnection.OnGetFrame">
            <summary>
            请勿处理耗时操作，需立即返回。接收到客户端的数据事件
            </summary>
        </member>
        <member name="P:Sers.CL.Socket.Iocp.DeliveryConnection.socket">
            <summary>
            通信SOCKET
            </summary>
        </member>
        <member name="P:Sers.CL.Socket.Iocp.DeliveryConnection.connectTime">
            <summary>
            连接时间
            </summary>
        </member>
        <member name="F:Sers.CL.Socket.Iocp.DeliveryServer.host">
            <summary>
            服务端 监听地址。若不指定则监听所有网卡。例如： "127.0.0.1"、"sersms.com"。
            </summary>
        </member>
        <member name="F:Sers.CL.Socket.Iocp.DeliveryServer.port">
            <summary>
            服务端 监听端口号(默认4501)。例如： 4501。
            </summary>
        </member>
        <member name="F:Sers.CL.Socket.Iocp.DeliveryServer.receiveBufferSize">
            <summary>
            缓存区大小
            </summary>
        </member>
        <member name="M:Sers.CL.Socket.Iocp.DeliveryServer.Stop">
            <summary>
            停止服务
            </summary>
        </member>
        <member name="F:Sers.CL.Socket.Iocp.DeliveryServer.maxConnectCount">
            <summary>
            最大连接数
            </summary>
        </member>
        <member name="F:Sers.CL.Socket.Iocp.DeliveryServer.connMap">
            <summary>
             connHashCode -> DeliveryConnection
            </summary>
        </member>
    </members>
</doc>
